player,td,int,fill
Prescott,1.648648649,0.621621622,silver
Brissett,0.6,0.2,blue
Trubisky,1.461538462,0.769230769,orange
Fitzpatrick,1.793103448,0.896551724,aqua
Dalton,1.457142857,0.942857143,silver
Newton,1.032258065,0.774193548,navy
Flacco,1.090909091,0.636363636,green
Wentz,1.641025641,0.743589744,teal
Winston,1.677419355,1.419354839,gold
Brees,2.184210526,0.394736842,gold
Hill,1,0.5,gold