year,cost,pctIncrease
2016,276,0
2017,276,0
2018,282,0.02173913
2019,288,0.021276596
2020,306,0.0625